{
    "value": [
        [
            0.0046585754566629885,
            0.06282287644214112
        ],
        [
            0.025274815087246126,
            0.05337482643725717
        ],
        [
            0.15177775184602324,
            0.11430771513465243
        ],
        [
            0.0013893996976012423,
            0.020391115274506086
        ],
        [
            0.06677240918746583,
            0.0988350883406607
        ],
        [
            0.016534172709771422,
            0.016371945494569485
        ],
        [
            0.04681076939002112,
            0.14328747458981372
        ],
        [
            0.519479475579663,
            0.4115637552886088
        ],
        [
            0.008497924922030338,
            0.06208721430050785
        ],
        [
            0.23108062077617839,
            0.04718706542019632
        ],
        [
            0.5131860390204059,
            0.0777190199046026
        ],
        [
            0.22662743655755793,
            0.20435869567068563
        ],
        [
            0.515937231825426,
            0.3699008389945885
        ]
    ],
    "difficulty": [
        [
            0.7344083837907203,
            0.24282655429807382
        ],
        [
            0.07531821359309311,
            0.08829732531424797
        ],
        [
            0.20971222611705775,
            0.3218255096569649
        ],
        [
            0.2439789412314247,
            0.2927826750810545
        ],
        [
            0.016255586215646104,
            0.009461665251191895
        ],
        [
            0.7609207584842498,
            0.16409218917254323
        ],
        [
            0.04455690617599664,
            0.11326795880485763
        ],
        [
            0.1353610374512564,
            0.1368925955209458
        ],
        [
            0.1278544910502953,
            0.21257690487273292
        ],
        [
            0.2853215081525882,
            0.10029139199080961
        ],
        [
            0.028313763069299232,
            0.11233050140107644
        ],
        [
            0.25982355563479803,
            0.1371680148415889
        ],
        [
            0.15698752760588752,
            0.20944398890959565
        ],
        [
            0.09037528284769857,
            0.11341104096167122
        ],
        [
            0.049341824035376694,
            0.17371904161337767
        ],
        [
            0.22620167159213225,
            0.3251393705175779
        ]
    ]
}